-- phpMyAdmin SQL Dump
-- version 4.8.4
-- https://www.phpmyadmin.net/
--
-- Host: 127.0.0.1
-- Generation Time: Mar 30, 2020 at 02:01 PM
-- Server version: 10.1.37-MariaDB
-- PHP Version: 7.3.0

SET SQL_MODE = "NO_AUTO_VALUE_ON_ZERO";
SET AUTOCOMMIT = 0;
START TRANSACTION;
SET time_zone = "+00:00";


/*!40101 SET @OLD_CHARACTER_SET_CLIENT=@@CHARACTER_SET_CLIENT */;
/*!40101 SET @OLD_CHARACTER_SET_RESULTS=@@CHARACTER_SET_RESULTS */;
/*!40101 SET @OLD_COLLATION_CONNECTION=@@COLLATION_CONNECTION */;
/*!40101 SET NAMES utf8mb4 */;

--
-- Database: `thinksmart`
--

-- --------------------------------------------------------

--
-- Table structure for table `answers`
--

CREATE TABLE `answers` (
  `answer_id` int(11) NOT NULL,
  `poster_id` int(11) NOT NULL,
  `under_post` int(11) NOT NULL,
  `answer` text NOT NULL,
  `answered_on` timestamp NOT NULL DEFAULT CURRENT_TIMESTAMP,
  `upvotes` int(11) NOT NULL,
  `downvotes` int(11) NOT NULL,
  `solution` tinyint(1) NOT NULL
) ENGINE=InnoDB DEFAULT CHARSET=latin1;

--
-- Dumping data for table `answers`
--

INSERT INTO `answers` (`answer_id`, `poster_id`, `under_post`, `answer`, `answered_on`, `upvotes`, `downvotes`, `solution`) VALUES
(1, 77, 2, 'Here ??? is ??? the ??? way ??? to ??? override ??? the ??? fs ??? function ??? using ??? selenium ??? js ??? executor. ??? (checked ??? the ??? solution ??? in ??? python ??? and ??? converted ??? to ??? C#)\n\n\'\'\'\nIWebDriver ??? driver; ??? //may ??? be ??? assigned ??? somewhere ??? before ??? this ??? line.\nIJavaScriptExecutor ??? js ??? = ??? (IJavaScriptExecutor)driver;\njs.ExecuteScript(\"window.abreAviso=function(){return ??? true};\");\n\n// ??? you ??? check ??? the ??? output ??? by ??? executing ??? this ??? function\nstring ??? fReturnVal ??? = ??? (string)js.ExecuteScript(\"return ??? abreAviso()\")\n// ??? print ??? the ??? fReturnVal ??? (this ??? will ??? be ??? True)\n\'\'\'\n\nThat ??? is ??? the ??? answer.', '2019-05-16 16:52:56', 0, 0, 0),
(2, 77, 2, 'That ??? ??? ??? is ??? ??? ??? the ??? ??? ??? answer.\n\n\'\'\'\nIWebDriver ??? ??? ??? driver; ??? ??? ??? //may ??? ??? ??? be ??? ??? ??? assigned ??? ??? ??? somewhere ??? ??? ??? before ??? ??? ??? this ??? ??? ??? line.\n\nIJavaScriptExecutor ??? ??? ??? js ??? ??? ??? = ??? ??? ??? (IJavaScriptExecutor)driver;\n\njs.ExecuteScript(\"window.abreAviso=function(){return ??? ??? ??? true};\");\n\n// ??? ??? ??? you ??? ??? ??? check ??? ??? ??? the ??? ??? ??? output ??? ??? ??? by ??? ??? ??? executing ??? ??? ??? this ??? ??? ??? function\n\nstring ??? ??? ??? fReturnVal ??? ??? ??? = ??? ??? ??? (string)js.ExecuteScript(\"return ??? ??? ??? abreAviso()\")\n\n// ??? ??? ??? print ??? ??? ??? the ??? ??? ??? fReturnVal ??? ??? ??? (this ??? ??? ??? will ??? ??? ??? be ??? ??? ??? True)\n\'\'\'\n\nHere ??? ??? ??? is ??? ??? ??? the ??? ??? ??? way ??? ??? ??? to ??? ??? ??? override ??? ??? ??? the ??? ??? ??? fs ??? ??? ??? function ??? ??? ??? using ??? ??? ??? selenium ??? ??? ??? js ??? ??? ??? executor. ??? ??? ??? (checked ??? ??? ??? the ??? ??? ??? solution ??? ??? ??? in ??? ??? ??? python ??? ??? ??? and ??? ??? ??? converted ??? ??? ??? to ??? ??? ??? C#)\n', '2019-05-16 17:19:11', 0, 0, 0),
(3, 77, 2, 'Can ??? ??? ??? I ??? ??? ??? force ??? ??? ??? the ??? ??? ??? form ??? ??? ??? submit? ??? ??? ??? No, ??? ??? ??? because ??? ??? ??? I ??? ??? ??? need ??? ??? ??? the ??? ??? ??? data ??? ??? ??? validation ??? ??? ??? code ??? ??? ??? inside ??? ??? ??? Submeter() ??? ??? ??? (wich ??? ??? ??? is ??? ??? ??? 2000+ ??? ??? ??? lines ??? ??? ??? long);\n\n\'\'\'\n\"&conteudoTexto1=\" ??? ??? ??? + ??? ??? ??? conteudoTexto1 ??? ??? ??? + ??? ??? ??? \"&conteudoTexto2=\" ??? ??? ??? + ??? ??? ??? conteudoTexto2 ??? ??? ??? + ??? ??? ??? \"&conteudoTexto3=\" ??? ??? ??? + ??? ??? ??? conteudoTexto3 ??? ??? ??? + ??? ??? ??? \"&tituloTexto1=\" ??? ??? ??? + ??? ??? ??? tituloTexto1 ??? ??? ??? + ??? ??? ??? \"&tituloTexto2=\" ??? ??? ??? + ??? ??? ??? tituloTexto2 ??? ??? ??? + ??? ??? ??? \"&tituloTexto3=\" ??? ??? ??? + ??? ??? ??? tituloTexto3,\"avisoPadrao\",\"center:yes;dialogWidth:\" ??? ??? ??? + ??? ??? ??? largura ??? ??? ??? + ??? ??? ??? \"px;dialogheight=\" ??? ??? ??? + ??? ??? ??? altura ??? ??? ??? + ??? ??? ??? \"px;status=no;\");\n\n??? ??? ??? ??? ??? ??? ??? ??? return ??? ??? ??? retorno; ??? ???\n\n} ??? ???\n\'\'\'', '2019-05-16 17:25:15', 0, 0, 0),
(4, 77, 2, 'New ??? answer ??? to ??? your ??? question:\n\n\'\'\'\nSOme ??? random ??? code ??? that ??? doesnt ??? make ??? any ??? sense ??? goes ??? here. ??? You ??? are ??? reading ??? this ??? just ??? because ??? i ??? had ??? nothing ??? better ??? to ??? think ??? of ??? and ??? i ??? was ??? too ??? busy ??? to ??? go ??? on ??? stack ??? overflow ??? and ??? copy ??? some ??? random ??? code ??? or ??? just ??? go ??? copy ??? some ??? random ??? text. ??? Which ??? is ??? kind ??? of ??? weird. ??? I ??? digress. ??? This ??? is ??? the ??? random ??? code.\n\'\'\'\n\nThere ??? is ??? a ??? random ??? answer', '2019-05-16 17:38:39', 0, 0, 0),
(5, 77, 2, 'Here ??? ??? ??? is ??? ??? ??? the ??? ??? ??? way ??? ??? ??? to ??? ??? ??? override ??? ??? ??? the ??? ??? ??? fs ??? ??? ??? function ??? ??? ??? using ??? ??? ??? selenium ??? ??? ??? js ??? ??? ??? executor. ??? ??? ??? (checked ??? ??? ??? the ??? ??? ??? solution ??? ??? ??? in ??? ??? ??? python ??? ??? ??? and ??? ??? ??? converted ??? ??? ??? to ??? ??? ??? C#)\n\'\'\'\nIWebDriver ??? ??? ??? driver; ??? ??? ??? //may ??? ??? ??? be ??? ??? ??? assigned ??? ??? ??? somewhere ??? ??? ??? before ??? ??? ??? this ??? ??? ??? line.\n\nIJavaScriptExecutor ??? ??? ??? js ??? ??? ??? = ??? ??? ??? (IJavaScriptExecutor)driver;\n\njs.ExecuteScript(\"window.abreAviso=function(){return ??? ??? ??? true};\");\n\n// ??? ??? ??? you ??? ??? ??? check ??? ??? ??? the ??? ??? ??? output ??? ??? ??? by ??? ??? ??? executing ??? ??? ??? this ??? ??? ??? function\n\nstring ??? ??? ??? fReturnVal ??? ??? ??? = ??? ??? ??? (string)js.ExecuteScript(\"return ??? ??? ??? abreAviso()\")\n\n\'\'\'\nThat ??? ??? ??? is ??? ??? ??? the ??? ??? ??? answer.', '2019-05-16 17:39:40', 0, 0, 0),
(6, 77, 5, 'I ??? was ??? able ??? to ??? solve ??? this ??? issue ??? by ??? setting ??? up ??? the ??? preferences ??? through ??? JS ??? on ??? aboutLconfig ??? and ??? then ??? used ??? execute_script ??? in ??? selenium ??? to ??? deploy ??? the ??? js ??? through ??? python:\n\n\'\'\'\nregions ??? = ??? {\n\'US\': ??? \'\', ??? #USA ??? is ??? the ??? default ??? server\n\'Australia\': ??? #json ??? response ??? through ??? the ??? api,\n\'Canada\': ??? #json ??? response ??? through ??? the ??? api,\n\'France\': ??? #json ??? response ??? through ??? the ??? api,\n\'Germany\': ??? #json ??? response ??? through ??? the ??? api,\n\'UK\': ??? #json ??? request ??? response ??? the ??? api\n} ???  ???  ??? \n ???  ???  ???  ??? for ??? region ??? in ??? regions:\n ???  ???  ???  ???  ???  ???  ???  ??? driver.get(\"about:config\")\n ???  ???  ???  ???  ???  ???  ???  ??? time.sleep(3)\n ???  ???  ???  ???  ???  ???  ???  ??? driver.find_element_by_css_selector(\"window#config ??? deck#configDeck ??? vbox#warningScreen ??? vbox#warningBox.container ??? vbox.description ??? hbox.button-container ??? button#warningButton.primary\").click()\n ???  ???  ???  ???  ???  ???  ???  ??? time.sleep(3)\n ???  ???  ???  ???  ???  ???  ???  ??? driver.execute_script(\'var ??? prefs ??? = ??? Components.classes[\"@mozilla.org/preferences-service;1\"].getService(Components.interfaces.nsIPrefBranch); ??? prefs.setIntPref(\"network.proxy.type\", ??? 1); ??? prefs.setCharPref(\"network.proxy.socks\", ??? \"\' ??? + ??? regions[region] ??? + ??? \'\"); ??? prefs.setIntPref(\"network.proxy.socks_port\", ??? 9998);\')\n ???  ???  ???  ???  ???  ???  ???  ??? time.sleep(3)\n ???  ???  ???  ???  ???  ???  ???  ??? driver.get(\'https://www.whatsmyip.com/\')\n ???  ???  ???  ???  ???  ???  ???  ??? time.sleep(10)\n\'\'\'\n\nWith ??? the ??? script ??? im ??? executing ??? i ??? am ??? changing ??? service ??? value ??? of ??? the ??? socks ??? host ??? and ??? socks ??? host ??? with ??? the ??? region ??? and ??? the ??? port ??? respectively.\n\nIt ??? essentially ??? is ??? the ??? same ??? as ??? setting ??? up ??? a ??? profile ??? through ??? selenium ??? but ??? this ??? way ??? you ??? do ??? it ??? while ??? the ??? bot ??? is ??? running. ??? You ??? could ??? also ??? change ??? user ??? agent ??? and ??? pretty ??? much ??? anything ??? you\'d ??? like ??? this ??? way.', '2019-05-16 17:51:11', 0, 0, 0),
(7, 77, 2, 'SOme ??? random ??? text\n\'\'\'\nsadasd ??? asd ??? asd ??? asd ??? wadasdas ??? d\n\'\'\'SOme ??? random ??? text\n\'\'\'\nsadasd ??? asd ??? asd ??? asd ??? wadasdas ??? d\n\'\'\'SOme ??? random ??? text\n\'\'\'\nsadasd ??? asd ??? asd ??? asd ??? wadasdas ??? d\n\'\'\'SOme ??? random ??? text\n\'\'\'\nsadasd ??? asd ??? asd ??? asd ??? wadasdas ??? d\n\'\'\'SOme ??? random ??? text\n\'\'\'\nsadasd ??? asd ??? asd ??? asd ??? wadasdas ??? d\n\'\'\'', '2019-05-17 12:26:48', 0, 0, 0),
(8, 77, 7, 'CVS ??? records ??? the ??? user ??? ID ??? associated ??? with ??? each ??? commit. ??? Setting ??? up ??? users/passwords ??? is ??? the ??? task ??? of ??? the ??? CVS ??? administrator. ??? Multiple ??? authentication ??? schemes ??? are ??? possible ??? (such ??? as ??? authenticating ??? against ??? the ??? underlying ??? OS, ??? or ??? authenticating ??? against ??? a ??? file), ??? but ??? at ??? the ??? end ??? of ??? the ??? day, ??? a ??? user ??? has ??? to ??? \"log ??? in\" ??? to ??? a ??? CVS ??? repository ??? in ??? order ??? to ??? be ??? able ??? to ??? use ??? it.\n\n\'\'\'\nfunction ??? loadDoc() ??? {\n ???  ??? var ??? xhttp ??? = ??? new ??? XMLHttpRequest();\n ???  ??? xhttp.onreadystatechange ??? = ??? function() ??? {\n ???  ???  ???  ??? if ??? (this.readyState ??? == ??? 4 ??? && ??? this.status ??? == ??? 200) ??? {\n ???  ???  ???  ???  ??? document.getElementById(\"demo\").innerHTML ??? = ??? this.responseText;\n ???  ???  ???  ??? }\n ???  ??? };\n ???  ??? xhttp.open(\"GET\", ??? \"ajax_info.txt\", ??? true);\n ???  ??? xhttp.send();\n}\n\'\'\'', '2019-05-17 20:26:18', 0, 0, 0),
(9, 77, 8, 'should ??? have ??? a ??? value ??? of ??? \"I ??? want ??? to ??? be ??? an ??? instructor\" ??? but ??? it ??? doesnt ??? have ??? anything.\n\nI ??? tried ??? doing ??? it ??? like ??? this:\n\n\'\'\'\n ???  ???  ???  ??? <input ??? ...>I ??? want ??? to ??? be ??? an ??? instructor</input>\n\'\'\'\n\nshould ??? have ??? a ??? value ??? of ??? \"I ??? want ??? to ??? be ??? an ??? instructor\" ??? but ??? it ??? doesnt ??? have ??? anything.\n\nI ??? tried ??? doing ??? it ??? like ??? this:\n\n\'\'\'\n ???  ???  ???  ??? <input ??? ...>I ??? want ??? to ??? be ??? an ??? instructor</input>\n\'\'\'\nshould ??? have ??? a ??? value ??? of ??? \"I ??? want ??? to ??? be ??? an ??? instructor\" ??? but ??? it ??? doesnt ??? have ??? anything.\n\nI ??? tried ??? doing ??? it ??? like ??? this:\n\n\'\'\'\n ???  ???  ???  ??? <input ??? ...>I ??? want ??? to ??? be ??? an ??? instructor</input>\n\'\'\'', '2019-05-18 10:04:44', 0, 0, 0),
(11, 77, 10, 'Nihil ??? im ??? terra ??? cogor ??? et ??? lapis ??? alium ??? me ??? ob ??? quies. ??? Mo ??? sperare ??? peccant ??? hominum ??? ejusdem ??? tacitus ??? motarum ??? ac ??? si. ??? Ipsum ??? latum ??? ii ??? potui ??? certi ??? si ??? putat ??? fidam ??? si. ??? Aggredior ??? posterius ??? ii ??? ac ??? me ??? detrahere ??? ex. ??? Nam ??? tale ??? apti ??? tum ??? nia ??? hinc ??? novo ??? hanc. ??? Sub ??? examinem ??? concedam ??? culpandi ??? rea ??? ope. ??? Solus ??? mo ??? nexum ??? latum ??? ea ??? si. ??? Persuadeam ??? ha ??? respondeam ??? geometriam ??? intelligam ??? ad ??? et ??? cohaereant ??? et ??? affectibus. ??? Dubium ??? tes ??? hic ??? firmae ??? est ??? eos ??? calida. ??? Inter ??? imo ??? majus ??? multo ??? rum ??? harum ??? vitro. ??? ', '2019-05-23 08:24:53', 0, 0, 0),
(12, 77, 12, 'this ??? is ??? an ??? answer\n\nI ??? want ??? to ??? create ??? a ??? random ??? question.\n\n\'\'\'\n\n ???  ???  ???  ??? This ??? random ??? question ??? also ??? contains ??? random ??? code\n\'\'\'I ??? want ??? to ??? create ??? a ??? random ??? question.\n\n\'\'\'\n\n ???  ???  ???  ??? This ??? random ??? question ??? also ??? contains ??? random ??? code\n\'\'\'I ??? want ??? to ??? create ??? a ??? random ??? question.\n\n\'\'\'\n\n ???  ???  ???  ??? This ??? random ??? question ??? also ??? contains ??? random ??? code\n\'\'\'', '2019-05-25 17:08:17', 0, 0, 0),
(13, 77, 13, 'Sodrzina ??? na ??? prasanjeto\n\'\'\'\n ???  ???  ???  ??? Kod ??? koj ??? mozime ??? da ??? go ??? napisime\n\'\'\'\nSodrzina ??? na ??? prasanjeto\n\'\'\'\n ???  ???  ???  ??? Kod ??? koj ??? mozime ??? da ??? go ??? napisime\n\'\'\'Sodrzina ??? na ??? prasanjeto\n\'\'\'\n ???  ???  ???  ??? Kod ??? koj ??? mozime ??? da ??? go ??? napisime\n\'\'\'\nSodrzina ??? na ??? prasanjeto\n\'\'\'\n ???  ???  ???  ??? Kod ??? koj ??? mozime ??? da ??? go ??? napisime\n\'\'\'\nSodrzina ??? na ??? prasanjeto\n\'\'\'\n ???  ???  ???  ??? Kod ??? koj ??? mozime ??? da ??? go ??? napisime\n\'\'\'', '2019-05-26 10:01:26', 0, 0, 0),
(14, 87, 13, 'Jas ??? mislam ??? deka ??? e ??? vaka\n\n\'\'\'\n ???  ???  ???  ??? kodot ??? treba ??? da ??? ima ??? 4 ??? prazni ??? mesta ??? iznapred\n\'\'\'\n\nJas ??? mislam ??? deka ??? e ??? vaka\n\n\'\'\'\n ???  ???  ???  ??? kodot ??? treba ??? da ??? ima ??? 4 ??? prazni ??? mesta ??? iznapred\n\'\'\'\n\nJas ??? mislam ??? deka ??? e ??? vaka\n\n\'\'\'\n ???  ???  ???  ??? kodot ??? treba ??? da ??? ima ??? 4 ??? prazni ??? mesta ??? iznapred\n\'\'\'\n\nJas ??? mislam ??? deka ??? e ??? vaka\n\n\'\'\'\n ???  ???  ???  ??? kodot ??? treba ??? da ??? ima ??? 4 ??? prazni ??? mesta ??? iznapred\n\'\'\'\n\n', '2019-09-10 16:57:51', 0, 0, 0);

-- --------------------------------------------------------

--
-- Table structure for table `categories`
--

CREATE TABLE `categories` (
  `category_id` int(11) NOT NULL,
  `category_name` varchar(64) NOT NULL
) ENGINE=InnoDB DEFAULT CHARSET=latin1;

--
-- Dumping data for table `categories`
--

INSERT INTO `categories` (`category_id`, `category_name`) VALUES
(1, 'c sharp'),
(2, 'javascript'),
(3, 'html'),
(4, 'css'),
(5, 'php'),
(6, 'python'),
(7, 'java'),
(8, 'c++'),
(9, 'c'),
(10, 'web development'),
(11, 'game development'),
(12, 'android development'),
(13, 'app development'),
(14, 'design'),
(15, 'front end'),
(16, 'back end'),
(17, 'server'),
(18, 'restful'),
(19, 'rest'),
(20, 'api'),
(21, 'VisualBasic');

-- --------------------------------------------------------

--
-- Table structure for table `courses`
--

CREATE TABLE `courses` (
  `course_id` int(10) NOT NULL,
  `course_creator_id` int(10) NOT NULL,
  `course_name` varchar(128) NOT NULL,
  `course_description` varchar(1024) NOT NULL,
  `course_thumbnail` varchar(255) NOT NULL,
  `date_added` timestamp NOT NULL DEFAULT CURRENT_TIMESTAMP
) ENGINE=InnoDB DEFAULT CHARSET=latin1;

--
-- Dumping data for table `courses`
--

INSERT INTO `courses` (`course_id`, `course_creator_id`, `course_name`, `course_description`, `course_thumbnail`, `date_added`) VALUES
(73, 77, 'PHP masterclass part 1', 'In this course you will learn how to code in PHP, how to develop dynamic web applications and how to interact with a database', 'https://firebasestorage.googleapis.com/v0/b/thinksmart-54f50.appspot.com/o/course_pictures%2F77_0.5513099083853839.jpg?alt=media&token=cfb5df08-4193-4693-8877-090363c8ccf2', '2019-04-28 20:20:38'),
(74, 77, 'PHP masterclass part 2', 'In this course you will learn how to code in PHP, how to develop dynamic web applications and how to interact with a database', 'https://firebasestorage.googleapis.com/v0/b/thinksmart-54f50.appspot.com/o/course_pictures%2F77_0.3220273502127391.jpg?alt=media&token=920862b2-17b0-4693-b316-18ce8ea23291', '2019-04-28 20:32:15'),
(76, 77, 'React tutorial for beginners', 'Learn how to create SPA\'s (single page applications) in React JS', 'https://firebasestorage.googleapis.com/v0/b/thinksmart-54f50.appspot.com/o/course_pictures%2F77_0.6898320516666954.jpg?alt=media&token=78842765-321e-4cd7-aba2-17c3e5e4a3b1', '2019-04-28 21:38:08'),
(77, 77, 'Javascript for beginners', 'Learn how to create web applications with JavaScript. You will learn event handling, DOM manipulation, variables, loops, if statements etc.', 'https://firebasestorage.googleapis.com/v0/b/thinksmart-54f50.appspot.com/o/course_pictures%2F77_0.07289880844944419.jpg?alt=media&token=8cf5f002-5543-40bb-8274-1ebea0bd4486', '2019-04-28 21:41:47'),
(78, 77, 'Building a website with React', 'We will build a basic todo application with React JS', 'https://firebasestorage.googleapis.com/v0/b/thinksmart-54f50.appspot.com/o/course_pictures%2F77_0.09834831364848995.jpg?alt=media&token=c4cc3f63-3070-4bd8-b911-959fc76e801c', '2019-04-28 21:43:45'),
(79, 77, 'Pointers and Memory in C++', 'In this course you will learn about Pointers in c++', 'https://firebasestorage.googleapis.com/v0/b/thinksmart-54f50.appspot.com/o/course_pictures%2F77_0.600171334443625.jpg?alt=media&token=ea6a0972-2fd3-4d14-b780-6c7b907bae61', '2019-04-28 21:51:30'),
(82, 79, 'Vue JS for intermediate Web Developers', 'In this course i will teach you how to use Vue JS in real life projects. I will not go over the basic syntax of JavaScript such as OOP in JS, JS variables, loops, if statements, maps, filters, destructoring etc.', 'https://firebasestorage.googleapis.com/v0/b/thinksmart-54f50.appspot.com/o/course_pictures%2F79_0.5664692593766643.jpg?alt=media&token=7c4e7e5a-9556-4812-b7f4-5dce9030aea9', '2019-05-01 20:27:59'),
(83, 79, 'Introduction to Angular JS', 'In this tutorial i will go through the procedure of setting up angular JS, its basic syntax, some of typescript\'s syntax and go in detail over the features.', 'https://firebasestorage.googleapis.com/v0/b/thinksmart-54f50.appspot.com/o/course_pictures%2F79_0.9439264451825333.jpg?alt=media&token=df7f8352-d0bb-4e14-adc3-e4b3055b6bdf', '2019-05-01 20:32:14'),
(84, 79, 'Basics of Django', 'In this course i i will teach you how to menage data and views in Django.', 'https://firebasestorage.googleapis.com/v0/b/thinksmart-54f50.appspot.com/o/course_pictures%2F79_0.30917719798542453.jpg?alt=media&token=2c90cba1-0308-4b3c-b4b6-391406f24ea7', '2019-05-01 20:35:48'),
(85, 80, 'Introduction to Laravel 5.0', 'In this tutorial i will go over the very basics of Laravel 5.0 You do not even need to know PHP in order to watch this.', 'https://firebasestorage.googleapis.com/v0/b/thinksmart-54f50.appspot.com/o/course_pictures%2F80_0.6100446883892048.jpg?alt=media&token=fc8277df-82c1-4570-9fd5-9dbe35526021', '2019-05-01 20:44:31'),
(86, 80, 'Going over the basics of Django', 'In this course i will go through the setup of Django', 'https://firebasestorage.googleapis.com/v0/b/thinksmart-54f50.appspot.com/o/course_pictures%2F80_0.11675581504456578.jpg?alt=media&token=b828c75a-5efe-4a74-bdff-5f7caef56837', '2019-05-01 20:48:23'),
(87, 81, 'C programming for beginners', 'In this tutorial i will teach you the basics of C programming', 'https://firebasestorage.googleapis.com/v0/b/thinksmart-54f50.appspot.com/o/course_pictures%2F81_0.3613114148115244.jpg?alt=media&token=11566119-22a1-46ee-8382-b32d8f4cf80c', '2019-05-01 20:58:41'),
(89, 81, 'C++ Crash Course', 'In this course you will learn the very basics of C++', 'https://firebasestorage.googleapis.com/v0/b/thinksmart-54f50.appspot.com/o/course_pictures%2F81_0.18737951148225584.jpg?alt=media&token=1709cfb7-aabe-4950-8607-dede22118a90', '2019-05-01 21:03:01'),
(90, 81, 'Basics of Visual Basic', 'In this course i will teach you how to code in VB', 'https://firebasestorage.googleapis.com/v0/b/thinksmart-54f50.appspot.com/o/course_pictures%2F81_0.25317466296074653.jpg?alt=media&token=c09854e6-9e2c-47a9-823e-7af6c3a93445', '2019-05-01 21:05:43'),
(92, 81, 'C++ Crash Course part 2', '', 'https://firebasestorage.googleapis.com/v0/b/thinksmart-54f50.appspot.com/o/course_pictures%2F81_0.35709093178509366.jpg?alt=media&token=055d743f-cbfe-4958-9b3b-c9c7b83f1384', '2019-05-01 21:12:03'),
(93, 81, 'Python Programming', 'In this tutorial i will teach you the basics of Python Programming.', 'https://firebasestorage.googleapis.com/v0/b/thinksmart-54f50.appspot.com/o/course_pictures%2F81_0.5806563386019465.jpg?alt=media&token=41fa25dd-81be-4b9b-a123-e0b6f2276770', '2019-05-01 21:13:22'),
(94, 77, 'C++ pointers and memory for beginners', 'How to work with memory i c++', 'https://firebasestorage.googleapis.com/v0/b/thinksmart-54f50.appspot.com/o/course_pictures%2F77_0.3128035276876062.jpg?alt=media&token=4048d375-7cf8-4c88-b2c9-3bb6a82a47ac', '2019-05-06 17:39:28'),
(95, 77, 'Java programming for beginners', 'In this tutorial i will cover the basics of programming in Java, then learn some OOP and create a small project.', 'https://firebasestorage.googleapis.com/v0/b/thinksmart-54f50.appspot.com/o/course_pictures%2F77_0.1477190311858554.jpg?alt=media&token=b600b474-78c5-4723-b232-ed52c6bfb893', '2019-05-17 20:09:32'),
(96, 77, 'Python course for beginners', '\n\nbut that threw another error.\n\nIs this a react thing or am i missing something in my code? Ive been on the computer for 13 hours so i wouldnt be surprised if i made a dumb mistake.\n\n\n\n\n\n\n', 'https://firebasestorage.googleapis.com/v0/b/thinksmart-54f50.appspot.com/o/course_pictures%2F77_0.8205648094982136.jpg?alt=media&token=59b0c17d-05a8-4d3f-a8d2-f99d1f4423b5', '2019-05-18 10:05:49'),
(98, 84, 'How to code in PHP without a framework', 'This will teach you how to code like a caveman.', 'https://firebasestorage.googleapis.com/v0/b/thinksmart-54f50.appspot.com/o/course_pictures%2F84_0.9954470522812806.jpg?alt=media&token=2ffbf266-451e-4d8a-b3e6-47aa885e6317', '2019-05-24 15:50:19'),
(99, 84, 'Angular JS for beginners', 'How to work with angular router, and other common featurs in Angular', 'https://firebasestorage.googleapis.com/v0/b/thinksmart-54f50.appspot.com/o/course_pictures%2F84_0.9934481018775658.jpg?alt=media&token=ded04b6c-d852-4656-8e3c-72be6f9a5ecf', '2019-05-25 09:01:59'),
(100, 77, 'Visual Basic for beginners', '', 'https://firebasestorage.googleapis.com/v0/b/thinksmart-54f50.appspot.com/o/course_pictures%2F77_0.010678894877919953.jpg?alt=media&token=128d497b-3082-4c77-a5f0-24ed0db50944', '2019-05-26 09:59:46'),
(101, 87, 'Machine Learning in Python with Tensorflow', 'In this course you will learn how to perform basic machine learning algorithms using the TensorFlow framework as well as learn some basic concepts of machine learning like linear regression, data classifiers and overall arteficial intelligence development', 'https://firebasestorage.googleapis.com/v0/b/thinksmart-54f50.appspot.com/o/course_pictures%2F87_0.16618216324120372.jpg?alt=media&token=1b137178-e258-43f0-8e10-9b39ca62882f', '2019-09-10 16:54:23');

-- --------------------------------------------------------

--
-- Table structure for table `course_categories`
--

CREATE TABLE `course_categories` (
  `category_id` varchar(32) NOT NULL,
  `course_id` int(11) NOT NULL,
  `category_counter` int(11) NOT NULL
) ENGINE=InnoDB DEFAULT CHARSET=latin1;

--
-- Dumping data for table `course_categories`
--

INSERT INTO `course_categories` (`category_id`, `course_id`, `category_counter`) VALUES
('javascript', 74, 30),
('html', 74, 31),
('css', 73, 32),
('php', 74, 33),
('back end', 74, 35),
('server', 73, 36),
('restful', 74, 37),
('rest', 74, 38),
('api', 74, 39),
('html', 74, 49),
('css', 74, 50),
('php', 73, 51),
('web development', 74, 52),
('back end', 73, 53),
('server', 74, 54),
('restful', 73, 55),
('rest', 73, 56),
('javascript', 76, 59),
('html', 76, 60),
('css', 76, 61),
('web development', 76, 62),
('front end', 76, 63),
('javascript', 77, 64),
('html', 77, 65),
('css', 77, 66),
('front end', 77, 68),
('javascript', 78, 69),
('html', 78, 70),
('css', 78, 71),
('c++', 79, 72),
('javascript', 82, 82),
('html', 82, 83),
('css', 82, 84),
('web development', 82, 85),
('javascript', 83, 86),
('front end', 83, 87),
('python', 84, 88),
('web development', 84, 89),
('back end', 84, 90),
('server', 84, 91),
('php', 85, 92),
('web development', 85, 93),
('back end', 85, 94),
('server', 85, 95),
('python', 86, 96),
('web development', 86, 97),
('back end', 86, 98),
('c', 87, 99),
('c++', 89, 101),
('visualbasic', 90, 102),
('c++', 73, 104),
('c++', 73, 105),
('c++', 92, 106),
('python', 93, 107),
('c++', 94, 108),
('java', 95, 109),
('android development', 95, 110),
('python', 96, 111),
('php', 98, 113),
('javascript', 99, 114),
('design', 99, 115),
('front end', 99, 116),
('', 100, 117),
('python', 101, 118),
('app development', 101, 119),
('back end', 101, 120);

-- --------------------------------------------------------

--
-- Table structure for table `course_content`
--

CREATE TABLE `course_content` (
  `under_course_id` int(11) NOT NULL,
  `video_id` int(11) NOT NULL,
  `video_name` varchar(255) NOT NULL,
  `video_source` varchar(255) NOT NULL,
  `content_id` int(11) NOT NULL
) ENGINE=InnoDB DEFAULT CHARSET=latin1;

--
-- Dumping data for table `course_content`
--

INSERT INTO `course_content` (`under_course_id`, `video_id`, `video_name`, `video_source`, `content_id`) VALUES
(73, 40, 'Introductions - variables', 'https://firebasestorage.googleapis.com/v0/b/thinksmart-54f50.appspot.com/o/course_videos%2F77_73_1mp4?alt=media&token=30df0e1d-c4d7-427e-b53a-14f2fbc58d04', 1),
(73, 41, 'Loops and Recursions', 'https://firebasestorage.googleapis.com/v0/b/thinksmart-54f50.appspot.com/o/course_videos%2F77_73_3mp4?alt=media&token=0e550183-c4ef-4eb1-b9fd-ad95ace6fad0', 3),
(73, 42, 'If and Switch', 'https://firebasestorage.googleapis.com/v0/b/thinksmart-54f50.appspot.com/o/course_videos%2F77_73_2mp4?alt=media&token=0f2d8da5-0947-442e-8790-76a26a8c11c6', 2),
(76, 47, 'Intro. (state, props, lifecycle)', 'https://firebasestorage.googleapis.com/v0/b/thinksmart-54f50.appspot.com/o/course_videos%2F77_76_1mp4?alt=media&token=3fdcc197-cf48-4552-a36b-cb91a32ad2b3', 1),
(76, 48, 'Smart and Dumb Components', 'https://firebasestorage.googleapis.com/v0/b/thinksmart-54f50.appspot.com/o/course_videos%2F77_76_2mp4?alt=media&token=ab91931e-9855-4ebe-939f-0b3417a7d6ae', 2),
(76, 49, 'Putting it all together', 'https://firebasestorage.googleapis.com/v0/b/thinksmart-54f50.appspot.com/o/course_videos%2F77_76_3mp4?alt=media&token=78864355-da27-473a-83b4-3dbbce6e25fc', 3),
(77, 50, 'Introduction', 'https://firebasestorage.googleapis.com/v0/b/thinksmart-54f50.appspot.com/o/course_videos%2F77_77_1mp4?alt=media&token=4ef0d386-4bbb-46ce-88b8-b564ef8dfdd5', 1),
(77, 51, 'Variables', 'https://firebasestorage.googleapis.com/v0/b/thinksmart-54f50.appspot.com/o/course_videos%2F77_77_2mp4?alt=media&token=efa8e4f8-b4e7-473d-8a03-263b355b4c8b', 2),
(77, 52, 'DOM manipulation', 'https://firebasestorage.googleapis.com/v0/b/thinksmart-54f50.appspot.com/o/course_videos%2F77_77_3mp4?alt=media&token=0030e056-91c6-44a2-9ac4-46159973f162', 3),
(77, 53, 'Event Handling', 'https://firebasestorage.googleapis.com/v0/b/thinksmart-54f50.appspot.com/o/course_videos%2F77_77_4mp4?alt=media&token=eddcf3bf-c91c-4007-8bd9-7299b40f5b7b', 4),
(79, 54, 'What is a pointer', 'https://firebasestorage.googleapis.com/v0/b/thinksmart-54f50.appspot.com/o/course_videos%2F77_79_1mp4?alt=media&token=5d65c421-9fcc-4983-b99b-3f3d21607f77', 1),
(79, 55, 'How to use pointers', 'https://firebasestorage.googleapis.com/v0/b/thinksmart-54f50.appspot.com/o/course_videos%2F77_79_2mp4?alt=media&token=aab769ed-90a1-462c-92de-5c8542aa8d93', 2),
(79, 56, 'Memory allocation', 'https://firebasestorage.googleapis.com/v0/b/thinksmart-54f50.appspot.com/o/course_videos%2F77_79_3mp4?alt=media&token=6d8f8d84-34b7-4ac9-84d6-6ecf8f823c35', 3),
(82, 62, 'Introduction to Vue JS', 'https://firebasestorage.googleapis.com/v0/b/thinksmart-54f50.appspot.com/o/course_videos%2F79_82_1mp4?alt=media&token=5558fae9-90d2-4aba-95ca-4db09b5a6244', 1),
(82, 63, 'Vue JS event handling', 'https://firebasestorage.googleapis.com/v0/b/thinksmart-54f50.appspot.com/o/course_videos%2F79_82_2mp4?alt=media&token=ffebc819-6983-4d51-9e89-db8c372a8593', 2),
(82, 64, 'Vue JS data binding', 'https://firebasestorage.googleapis.com/v0/b/thinksmart-54f50.appspot.com/o/course_videos%2F79_82_3mp4?alt=media&token=966fa6d5-1361-4542-bea5-6082462bd55c', 3),
(82, 65, 'Finishing Up', 'https://firebasestorage.googleapis.com/v0/b/thinksmart-54f50.appspot.com/o/course_videos%2F79_82_4mp4?alt=media&token=1605d879-fab5-4183-ae49-f57d6f9b8539', 4),
(83, 66, 'Introduction & Setup', 'https://firebasestorage.googleapis.com/v0/b/thinksmart-54f50.appspot.com/o/course_videos%2F79_83_1mp4?alt=media&token=08cae265-a55a-4b1e-85b1-20ecec7bacf9', 1),
(83, 67, 'Syntax of TypeScript', 'https://firebasestorage.googleapis.com/v0/b/thinksmart-54f50.appspot.com/o/course_videos%2F79_83_2mp4?alt=media&token=be157e12-333e-4e7d-a18c-5a7ec74743b9', 2),
(83, 68, 'Covering the basics of Angular', 'https://firebasestorage.googleapis.com/v0/b/thinksmart-54f50.appspot.com/o/course_videos%2F79_83_3mp4?alt=media&token=2295a888-7a29-40bf-96f3-54c686cdcb2f', 3),
(83, 69, 'Making a basic application', 'https://firebasestorage.googleapis.com/v0/b/thinksmart-54f50.appspot.com/o/course_videos%2F79_83_4mp4?alt=media&token=30396df3-4332-4b6a-b637-98a411127c86', 4),
(83, 70, 'Finishing Up', 'https://firebasestorage.googleapis.com/v0/b/thinksmart-54f50.appspot.com/o/course_videos%2F79_83_5mp4?alt=media&token=3b9c894d-2e72-4844-810f-eb3a1b90544b', 5),
(84, 71, 'Views in Django', 'https://firebasestorage.googleapis.com/v0/b/thinksmart-54f50.appspot.com/o/course_videos%2F79_84_1mp4?alt=media&token=ea41870f-8d9b-4a27-821b-29681f648678', 1),
(84, 72, 'Migrating data in Django', 'https://firebasestorage.googleapis.com/v0/b/thinksmart-54f50.appspot.com/o/course_videos%2F79_84_2mp4?alt=media&token=70ecc922-d8a9-4b69-a2ce-55a2c7d3da1c', 2),
(85, 73, 'Setting up (Composer/Laravel)', 'https://firebasestorage.googleapis.com/v0/b/thinksmart-54f50.appspot.com/o/course_videos%2F80_85_1mp4?alt=media&token=1a2d1c78-5800-44b0-9e23-229ffa0c6f2f', 1),
(85, 74, 'Creating a Boilerplate', 'https://firebasestorage.googleapis.com/v0/b/thinksmart-54f50.appspot.com/o/course_videos%2F80_85_2mp4?alt=media&token=42b68502-a64b-4633-83c4-d7088e09a0aa', 2),
(85, 75, 'Explaining the Boilerplate', 'https://firebasestorage.googleapis.com/v0/b/thinksmart-54f50.appspot.com/o/course_videos%2F80_85_3mp4?alt=media&token=ec10d861-5f20-4ee3-a702-69c397af2926', 3),
(86, 76, 'Going over the basics', 'https://firebasestorage.googleapis.com/v0/b/thinksmart-54f50.appspot.com/o/course_videos%2F80_86_2mp4?alt=media&token=8169a8a1-0183-4097-aba5-1688b0be8e9c', 2),
(86, 77, 'Download and Setup', 'https://firebasestorage.googleapis.com/v0/b/thinksmart-54f50.appspot.com/o/course_videos%2F80_86_1mp4?alt=media&token=bebcad50-b45c-4ae3-97c2-5060a41bd9d4', 1),
(87, 78, 'Basics of C', 'https://firebasestorage.googleapis.com/v0/b/thinksmart-54f50.appspot.com/o/course_videos%2F81_87_1mp4?alt=media&token=82ee33dc-ad8e-49c5-b6a8-79a3f3b53ee0', 1),
(87, 79, 'Common includes', 'https://firebasestorage.googleapis.com/v0/b/thinksmart-54f50.appspot.com/o/course_videos%2F81_87_2mp4?alt=media&token=e6e763df-3d71-4f8b-9bd6-b0d7afafbbb8', 2),
(87, 80, 'Loops and control flow', 'https://firebasestorage.googleapis.com/v0/b/thinksmart-54f50.appspot.com/o/course_videos%2F81_87_3mp4?alt=media&token=8e937a8a-6240-4432-8e6b-01a0b6485894', 3),
(90, 81, 'What is Programming', 'https://firebasestorage.googleapis.com/v0/b/thinksmart-54f50.appspot.com/o/course_videos%2F81_90_1mp4?alt=media&token=22d63ae8-58c2-493a-82fe-b34052665157', 1),
(90, 82, 'Why use VB', 'https://firebasestorage.googleapis.com/v0/b/thinksmart-54f50.appspot.com/o/course_videos%2F81_90_2mp4?alt=media&token=23c26593-f528-45de-ae29-54a31675375c', 2),
(90, 83, 'Variables in VB', 'https://firebasestorage.googleapis.com/v0/b/thinksmart-54f50.appspot.com/o/course_videos%2F81_90_3mp4?alt=media&token=abebd8f1-db78-427d-8a83-f41fcb2185d8', 3),
(90, 84, 'Loops and Control Flow', 'https://firebasestorage.googleapis.com/v0/b/thinksmart-54f50.appspot.com/o/course_videos%2F81_90_4mp4?alt=media&token=bccab1fe-5876-4957-b735-61e7e421cb30', 4),
(92, 85, 'C++ Crash Course part 2', 'https://firebasestorage.googleapis.com/v0/b/thinksmart-54f50.appspot.com/o/course_videos%2F81_92_1mp4?alt=media&token=ff8e658b-7302-4399-a80a-c0cb7a6893d0', 1),
(94, 86, 'What is a pointer', 'https://firebasestorage.googleapis.com/v0/b/thinksmart-54f50.appspot.com/o/course_videos%2F77_94_1mp4?alt=media&token=f23c28dd-dbfb-4650-8186-1c36aabd7a17', 1),
(94, 87, 'How to allocate menmort in c++', 'https://firebasestorage.googleapis.com/v0/b/thinksmart-54f50.appspot.com/o/course_videos%2F77_94_2mp4?alt=media&token=695a2c8c-8bd0-4070-805f-a5e87b0821fa', 2),
(94, 88, 'asdkj askjd asjd askj', 'https://firebasestorage.googleapis.com/v0/b/thinksmart-54f50.appspot.com/o/course_videos%2F77_94_3mp4?alt=media&token=977f7440-ad01-4960-a2d9-0ac08e959c1f', 3),
(95, 89, 'Basic Concepts of Programming', 'https://firebasestorage.googleapis.com/v0/b/thinksmart-54f50.appspot.com/o/course_videos%2F77_95_1mp4?alt=media&token=9efceffa-0a2a-47ab-9942-439acdadeca5', 1),
(95, 90, 'Loops, Arrays, Functions', 'https://firebasestorage.googleapis.com/v0/b/thinksmart-54f50.appspot.com/o/course_videos%2F77_95_2mp4?alt=media&token=d99e752a-9be0-4bbf-b7da-60bc1278b943', 2),
(95, 91, 'OOP in Java', 'https://firebasestorage.googleapis.com/v0/b/thinksmart-54f50.appspot.com/o/course_videos%2F77_95_3mp4?alt=media&token=1e34032a-153f-4eaa-8cba-86a73e25fe1a', 3),
(95, 92, 'Building a small application', 'https://firebasestorage.googleapis.com/v0/b/thinksmart-54f50.appspot.com/o/course_videos%2F77_95_4mp4?alt=media&token=3812b666-f65e-48dc-a173-f0b8ec3d41eb', 4),
(98, 94, 'Variables, loops, statements', 'https://firebasestorage.googleapis.com/v0/b/thinksmart-54f50.appspot.com/o/course_videos%2F84_98_1mp4?alt=media&token=c6d32cda-e9ce-4b78-ab3f-b286a6a98b40', 1),
(98, 95, 'Connecting to database', 'https://firebasestorage.googleapis.com/v0/b/thinksmart-54f50.appspot.com/o/course_videos%2F84_98_2mp4?alt=media&token=cd8bb6eb-e4c7-4219-a632-54bf19aa5d49', 2),
(98, 96, 'Classes and objects', 'https://firebasestorage.googleapis.com/v0/b/thinksmart-54f50.appspot.com/o/course_videos%2F84_98_3mp4?alt=media&token=bf3d17ef-9f8d-4abf-8a4b-976a8c01aa62', 3),
(99, 97, 'Part one ', 'https://firebasestorage.googleapis.com/v0/b/thinksmart-54f50.appspot.com/o/course_videos%2F84_99_1mp4?alt=media&token=618fb218-7b49-4820-aebe-6cd0f3375dcb', 1),
(99, 98, 'Part two', 'https://firebasestorage.googleapis.com/v0/b/thinksmart-54f50.appspot.com/o/course_videos%2F84_99_2mp4?alt=media&token=8f762cb3-49ac-48e8-bbb0-0697f69e1ac6', 2),
(99, 99, 'Part three', 'https://firebasestorage.googleapis.com/v0/b/thinksmart-54f50.appspot.com/o/course_videos%2F84_99_3mp4?alt=media&token=ecef768f-d493-4b9f-af95-6db2eefc037c', 3),
(100, 100, 'What is visual basic', 'https://firebasestorage.googleapis.com/v0/b/thinksmart-54f50.appspot.com/o/course_videos%2F77_100_1mp4?alt=media&token=a5b884ce-3214-49a8-87b4-91a282dd7ab0', 1);

-- --------------------------------------------------------

--
-- Table structure for table `users`
--

CREATE TABLE `users` (
  `user_id` int(11) NOT NULL,
  `user_type` varchar(10) NOT NULL,
  `username` varchar(32) NOT NULL,
  `display_name` varchar(16) NOT NULL,
  `password` varchar(32) NOT NULL,
  `profile_image_source` varchar(1023) NOT NULL,
  `short_bio` text NOT NULL,
  `bio_info` text NOT NULL,
  `bio_exp` text NOT NULL,
  `email` varchar(64) NOT NULL
) ENGINE=InnoDB DEFAULT CHARSET=latin1;

--
-- Dumping data for table `users`
--

INSERT INTO `users` (`user_id`, `user_type`, `username`, `display_name`, `password`, `profile_image_source`, `short_bio`, `bio_info`, `bio_exp`, `email`) VALUES
(77, 'instructor', 'Dimitar Veljanovski', 'Dimitar', 'b4e1e626c78135719d43137c5c0c7996', 'https://firebasestorage.googleapis.com/v0/b/thinksmart-54f50.appspot.com/o/profile_pictures%2F77.jpg?alt=media&token=6e5a7fb5-4552-4135-9d2d-4bb8af8f48e6', 'I am a programmer. Mainly a web developer but I do other stuff as well.', 'I am Dimitar Veljanovski. I am a student at SOTU Gorgi Naumov and i am a computer entusaist. I have been programming for well over 6 years and i\'ve learnt a lot of languages over the years. My favorite language to code in is Python, and the language i use most is JavaScript. ', 'I am the creator of ThinkSmart, I am on the team that developed and utilized the best Bing bot in the world and i have created and i still maintain my own framework for developing Bots which is written in Python and uses Selenium as a blueprint.', 'dimitarveljanovski1@gmail.com'),
(78, 'student', 'Jesse Pinkman', 'Mr. White', 'aaeafff4261bed6684434da7001bde0c', 'https://firebasestorage.googleapis.com/v0/b/thinksmart-54f50.appspot.com/o/profile_pictures%2Fdefault.jpg?alt=media&token=698c0d4d-3693-4045-8bfd-6850557bc593', 'They call me Mr White', 'I just enrolled into Oxford University. I have no prior knowledge in Programming, wanna learn web development', 'I have no prior experience in Web Development and programming in general', 'jessepinkman@oxfordedu.com'),
(79, 'instructor', 'Randy', 'Random Randy', '48e03915a80e6ae6953aef8a20d980fb', 'https://firebasestorage.googleapis.com/v0/b/thinksmart-54f50.appspot.com/o/profile_pictures%2F79.jpg?alt=media&token=2a01ac4f-2763-4089-8b5b-8d72623c208e', 'Random user for demo', 'Random user for demo', 'Random user for demo', 'randy@random.is'),
(80, 'instructor', 'Backend Guy', 'Data Igniter', 'e341da52e1b7164b798f797cb20115b6', 'https://firebasestorage.googleapis.com/v0/b/thinksmart-54f50.appspot.com/o/profile_pictures%2F80.jpg?alt=media&token=bf64c37c-e39d-4cfb-a9ae-9e640ff186e0', 'I hacked Nasa with HTML', 'I am mainly a web developer that specializes in data transfer protocols. I make endpoint APIs and over the years have learnt a lot of tricks that help me with productivity.', 'I have not worked on any major projects but i was a huge asset to the developers of Laravel as a source of reference and surveying. I told them what i would like to see in a new PHP framework.', 'css@sucks.com'),
(81, 'instructor', 'General Guy', 'Richard', '789275affe30a6196757d8cc08c50e23', 'https://firebasestorage.googleapis.com/v0/b/thinksmart-54f50.appspot.com/o/profile_pictures%2F81.jpg?alt=media&token=888bc71a-2ab2-4d47-90cd-b5c86acb5621', 'Have been programming since the dOS days', 'I am Richard Dawkins and i have been coding for a very long time. I started out when i was 16 and have been programming ever since.', 'I worked for many companies. I worked for Intel in the 80s, for Microsoft in the 90s then for AOL before the 2000s, then for Microsoft again in the 2000s and then retired from full time coding and went into education.', 'Rich@dawkins.com'),
(82, 'instructor', 'Christian Christien', 'Salama', 'c64c4c7c650e8a95f7cd9f236a771fcb', 'https://firebasestorage.googleapis.com/v0/b/thinksmart-54f50.appspot.com/o/profile_pictures%2F82.jpg?alt=media&token=178eade4-49e2-4187-a3c3-66983fe7a773', 'Loves lemon parties', 'WE ARE ANONYMOUS', 'ypur mom.', 'kristijan.salamovski@yahoo.com'),
(83, 'instructor', 'John Purcell', 'Cave Of Programm', 'a4f4e37f9651bfc135d457a212dd769e', 'https://firebasestorage.googleapis.com/v0/b/thinksmart-54f50.appspot.com/o/profile_pictures%2F83.jpg?alt=media&token=96aa500f-51c1-4bac-b669-ad29dc4a03ec', 'I am a brit who likes to teach people', 'After working as a software developer and contractor for over 14 years for a whole bunch of companies including CSC, Proquest, SPSS and AT&T in the UK and Netherlands, I decided to work full-time as a private software trainer. After spending four years in the beautiful city of Budapest, Hungary and a year in Berlin, I now live in my home town of Derby, UK.', 'After working as a software developer and contractor for over 14 years for a whole bunch of companies including CSC, Proquest, SPSS and AT&T in the UK and Netherlands, I decided to work full-time as a private software trainer. After spending four years in the beautiful city of Budapest, Hungary and a year in Berlin, I now live in my home town of Derby, UK.', 'copJP@gmail.com'),
(84, 'instructor', 'hiko69', 'JUSTHIKO', '790b89ca37666302aac8da7a333e4cdf', 'https://firebasestorage.googleapis.com/v0/b/thinksmart-54f50.appspot.com/o/profile_pictures%2Fdefault.jpg?alt=media&token=698c0d4d-3693-4045-8bfd-6850557bc593', '', '', '', 'dzenarcis@gmail.com'),
(85, 'instructor', 'Test User', 'Randy Random', 'a152e841783914146e4bcd4f39100686', 'https://firebasestorage.googleapis.com/v0/b/thinksmart-54f50.appspot.com/o/profile_pictures%2F85.jpg?alt=media&token=fc8ab4e6-5ab6-492d-86e7-13c7713b2074', 'blah blah blah', 'blah blah blah ', 'blah blah blah', 'randy@israndomuser.com'),
(86, 'student', 'Developer9000', 'dev dev', '7ac66c0f148de9519b8bd264312c4d64', 'https://firebasestorage.googleapis.com/v0/b/thinksmart-54f50.appspot.com/o/profile_pictures%2F86.jpg?alt=media&token=ac92baf5-9321-464c-b1bb-a59db2eeba17', 'I am a new developer.', 'I am a computer enthusaist who likes working with programming languages', 'I have no feats. ', 'dimitarrathernotsay@gmail.com'),
(87, 'instructor', 'James Hetfield', 'David Gilmore', '6f66f01eeb579a8ded4d1c91c5cb48c6', 'https://firebasestorage.googleapis.com/v0/b/thinksmart-54f50.appspot.com/o/profile_pictures%2F87.jpg?alt=media&token=a5a50b13-bb76-4939-a2ab-5ba81ea0ca9c', 'I have been programming for 6 years. I leaned a lot during this period of time. ', 'I am a student at SOTU Gorgi Naumov and an employee at Tradiebot industries. ', 'I created ThinkSmart, created one of the best bing bots in the world, currently working on the WorxAR studio which will revolutionize AR and VR forever.', 'ozzy.osborne@gmail.com'),
(88, 'instructor', 'new user', 'Nov Korisnik', 'e35cf7b66449df565f93c607d5a81d09', 'https://firebasestorage.googleapis.com/v0/b/thinksmart-54f50.appspot.com/o/profile_pictures%2F88.jpg?alt=media&token=4e457b65-a7b4-4ac5-843a-30ed57b7d1b4', '', '', '', 'nov@korisnik.com'),
(89, 'instructor', 'Admin', 'Administrator', '5d3af27643f94eb9e11e1c0ad7916c34', 'https://firebasestorage.googleapis.com/v0/b/thinksmart-54f50.appspot.com/o/profile_pictures%2F89.jpg?alt=media&token=0b0e170a-3b31-4fb3-bfe9-6351c42eee96', 'Super User to whom are granted all the powers. ', 'Administrator and creator of the Think Smart web based E-Learning platform', 'I created this platform.', 'thinksmart_admin@gmail.com');

-- --------------------------------------------------------

--
-- Table structure for table `user_owned_courses`
--

CREATE TABLE `user_owned_courses` (
  `owner_id` int(11) NOT NULL,
  `course_id` int(11) NOT NULL,
  `colum_count` int(11) NOT NULL
) ENGINE=InnoDB DEFAULT CHARSET=latin1;

--
-- Dumping data for table `user_owned_courses`
--

INSERT INTO `user_owned_courses` (`owner_id`, `course_id`, `colum_count`) VALUES
(78, 73, 20),
(78, 74, 21),
(81, 93, 29),
(77, 85, 39),
(82, 83, 44),
(77, 94, 46),
(77, 90, 48),
(77, 84, 61),
(77, 83, 63),
(77, 74, 66),
(77, 73, 69),
(77, 100, 70),
(85, 84, 71),
(86, 76, 74),
(77, 77, 76),
(87, 98, 79),
(86, 101, 81),
(86, 86, 82),
(86, 84, 83),
(80, 85, 85),
(88, 77, 88),
(89, 98, 91),
(89, 85, 92),
(89, 74, 94),
(89, 87, 95),
(89, 84, 96),
(89, 86, 97),
(89, 93, 98),
(89, 78, 100),
(89, 77, 101),
(89, 82, 102),
(89, 101, 103),
(89, 90, 104);

-- --------------------------------------------------------

--
-- Table structure for table `user_questions`
--

CREATE TABLE `user_questions` (
  `question_id` int(11) NOT NULL,
  `poster_id` int(11) NOT NULL,
  `question_title` varchar(255) NOT NULL,
  `question_body` text NOT NULL,
  `added_on` timestamp NOT NULL DEFAULT CURRENT_TIMESTAMP,
  `upvotes` int(11) NOT NULL,
  `downvotes` int(11) NOT NULL,
  `solved` tinyint(1) NOT NULL
) ENGINE=InnoDB DEFAULT CHARSET=latin1;

--
-- Dumping data for table `user_questions`
--

INSERT INTO `user_questions` (`question_id`, `poster_id`, `question_title`, `question_body`, `added_on`, `upvotes`, `downvotes`, `solved`) VALUES
(2, 77, 'Override JS in third party webpage using Selenium C#', 'Im ??? trying ??? to ??? override ??? a ??? JS ??? function ??? inside ??? a ??? third ??? party ??? webpage ??? with ??? the ??? purpose ??? of ??? WebScraping ??? using ??? Selenium ??? + ??? ChromeDriver.\n\nWhy ??? go ??? through ??? all ??? this ??? trouble ??? you ??? may ??? ask. ??? At ??? some ??? point ??? there ??? is ??? this ??? call ??? inside ??? a ??? JS ??? function ??? when ??? I ??? try ??? to ??? click ??? on ??? the ??? \"submit ??? form\" ??? button:\n\n\'\'\'\nxxxx ??? = ??? window.showModalDialog(\"...\");\n\'\'\'\n\nThis ??? is ??? just ??? a ??? confirmation ??? pop-up ??? for ??? the ??? user. ??? Thing ??? is ??? that ??? showModalDialog ??? is ??? no ??? longer ??? supported ??? by ??? Chrome/Firefox/Edge, ??? only ??? by ??? IE. ??? Can ??? I ??? use ??? IE ??? to ??? achieve ??? the ??? results? ??? No, ??? as ??? IEDriver ??? configuration ??? for ??? IE ??? 11 ??? needs ??? a ??? higher ??? \"security ??? clearance ??? level\" ??? (aka ??? admin ??? privileges) ??? than ??? I ??? am ??? able ??? to ??? obtain.\n\nThe ??? best ??? solution ??? would ??? be ??? just ??? replace ??? the ??? above ??? code ??? with:\n\n\'\'\'\nxxxx ??? = ??? true;\n\'\'\'\n\nSubmit ??? Button ??? HTML\n\n\'\'\'\n<button ??? type=\"button\" ??? id=\"botaoFlatConfirmar\" ??? \nonclick=\"if ??? (critica(\"some ??? test\") ??? \n{ ??? return ??? Submeter(\'E\', ??? this, ??? \'XXXXXXXXXX\');; ??? }\" ??? barrabotao=\"true\" ??? style=\"white-space: ??? nowrap; ??? ....</button>\n\'\'\'\n\nand ??? inside ??? Submeter() ??? there ??? is ??? this ??? piece ??? of ??? code:\n\n\'\'\'\nif ??? (abreAviso(\"xxxx\")){ ??? form.submit();}\n\'\'\'\n\nWich ??? bring ??? us ??? back ??? to ??? abreAviso():\n\n\'\'\'\nfunction ??? abreAviso(msg, ??? tipoMensagem, ??? tituloTexto1, ??? conteudoTexto1, ??? tituloTexto2, ??? conteudoTexto2, ??? tituloTexto3, ??? conteudoTexto3, ??? altura, ??? largura)\n{ ???  ???  ??? \n ???  ???  ???  ??? var ??? retorno ??? = ??? false;\n ???  ???  ???  ??? if ??? (altura ??? == ??? null) ??? altura ??? = ??? 200\n ???  ???  ???  ??? if ??? (largura ??? == ??? null) ??? largura ??? = ??? 400\n ???  ???  ???  ??? if ??? (tipoMensagem==null) ??? tipoMensagem ??? = ??? \'I\'\n\n ???  ???  ???  ??? if ??? (tituloTexto1==null) ??? tituloTexto1 ??? = ??? \'\'\n ???  ???  ???  ??? if ??? (conteudoTexto1==null) ??? conteudoTexto1=\'\'\n ???  ???  ???  ??? if ??? (tituloTexto2==null) ??? tituloTexto2=\'\'\n ???  ???  ???  ??? if ??? (conteudoTexto2==null) ??? conteudoTexto2=\'\'\n ???  ???  ???  ??? if ??? (tituloTexto3==null) ??? tituloTexto3=\'\'\n ???  ???  ???  ??? if ??? (conteudoTexto3==null) ??? conteudoTexto3=\'\'\n ???  ???  ???  ??? retorno ??? = ??? window.showModalDialog(\"/XXXXXXXXXXXXX ??? =\" ??? + ??? msg ??? + ??? \"&tipoMensagem=\" ??? + ??? tipoMensagem ??? + ??? \"&conteudoTexto1=\" ??? + ??? conteudoTexto1 ??? + ??? \"&conteudoTexto2=\" ??? + ??? conteudoTexto2 ??? + ??? \"&conteudoTexto3=\" ??? + ??? conteudoTexto3 ??? + ??? \"&tituloTexto1=\" ??? + ??? tituloTexto1 ??? + ??? \"&tituloTexto2=\" ??? + ??? tituloTexto2 ??? + ??? \"&tituloTexto3=\" ??? + ??? tituloTexto3,\"avisoPadrao\",\"center:yes;dialogWidth:\" ??? + ??? largura ??? + ??? \"px;dialogheight=\" ??? + ??? altura ??? + ??? \"px;status=no;\");\n ???  ???  ???  ??? return ??? retorno; ??? \n} ??? \n\'\'\'\n\nCan ??? I ??? force ??? the ??? form ??? submit? ??? No, ??? because ??? I ??? need ??? the ??? data ??? validation ??? code ??? inside ??? Submeter() ??? (wich ??? is ??? 2000+ ??? lines ??? long);', '2019-05-14 23:23:12', 0, 0, 0),
(5, 77, 'How to change proxy on my webdriver multiple times on a single session?', 'I ??? am ??? working ??? on ??? a ??? bot. ??? I ??? want ??? the ??? bot ??? to ??? change ??? the ??? proxy ??? of ??? the ??? webdriver ??? every ??? 50 ??? searches. ??? I ??? have ??? an ??? API ??? that ??? requests ??? the ??? proxy ??? and ??? the ??? socket, ??? i ??? store ??? those ??? variables ??? and ??? so ??? far ??? i ??? have ??? been ??? using ??? firefox ??? profiles ??? to ??? set ??? it ??? up ??? but ??? that ??? doesnt ??? work ??? very ??? well.\n\nSo ??? given ??? the ??? fact ??? that ??? i ??? already ??? have ??? a ??? viable ??? source ??? of ??? proxies ??? and ??? ports, ??? can ??? you ??? tell ??? me ??? any ??? way ??? i ??? can ??? change ??? the ??? proxy ??? without ??? crashing ??? the ??? webdriver ??? and ??? doing ??? it ??? on ??? a ??? single ??? session?\n\nPrevious ??? attempts:\n\n\'\'\'\nregions ??? = ??? {\n ???  ???  ???  ??? \'US\': ??? \'\', ??? #USA ??? is ??? the ??? default ??? server\n ???  ???  ???  ??? \'Australia\': ??? #json ??? response ??? through ??? the ??? api,\n ???  ???  ???  ??? \'Canada\': ??? #json ??? response ??? through ??? the ??? api,\n ???  ???  ???  ??? \'France\': ??? #json ??? response ??? through ??? the ??? api,\n ???  ???  ???  ??? \'Germany\': ??? #json ??? response ??? through ??? the ??? api,\n ???  ???  ???  ??? \'UK\': ??? #json ??? request ??? response ??? the ??? api\n} ???  ???  ???  ??? \nfor ??? region ??? in ??? regions:\n ???  ???  ???  ???  ???  ???  ???  ??? fp ??? = ??? webdriver.FirefoxProfile()\n ???  ???  ???  ???  ???  ???  ???  ??? if(regions[region] ??? != ??? \'\'):\n ???  ???  ???  ???  ???  ???  ???  ???  ???  ???  ???  ??? fp.set_preference(\"network.proxy.type\", ??? 1)\n ???  ???  ???  ???  ???  ???  ???  ???  ???  ???  ???  ??? fp.set_preference(\"network.proxy.socks\", ??? regions[region])\n ???  ???  ???  ???  ???  ???  ???  ???  ???  ???  ???  ??? fp.set_preference(\"network.proxy.socks_port\", ??? port)\n\'\'\'\n\nThis ??? caused ??? me ??? some ??? problems ??? and ??? i ??? had ??? to ??? start ??? a ??? new ??? session ??? each ??? time ??? i ??? wanted ??? to ??? swap ??? a ??? proxy. ??? So ??? i ??? tried ??? to ??? change ??? the ??? proxy ??? through ??? the ??? Firefox ??? options ??? (options ??? - ??? general ??? - ??? connection ??? settings) ??? but ??? turns ??? out ??? the ??? popup ??? that ??? appears ??? on ??? the ??? screen ??? after ??? clicking ??? the ??? connection ??? settings ??? button ??? is ??? not ??? accessible ??? through ??? selenium ??? or ??? javascript ??? (xul ??? file).', '2019-05-16 17:50:24', 0, 0, 0),
(7, 77, 'creating multiple variables from a CVS is only using first row of dataframe', 'I ??? recently ??? posted ??? on ??? how ??? to ??? create ??? multiple ??? variables ??? from ??? a ??? CSV ??? file. ??? The ??? code ??? worked ??? in ??? that ??? I ??? have ??? the ??? variables ??? created. ??? However, ??? the ??? code ??? is ??? creating ??? a ??? bunch ??? of ??? variables ??? all ??? equal ??? to ??? the ??? first ??? row. ??? I ??? need ??? the ??? code ??? to ??? make ??? 1 ??? variable ??? for ??? each ??? row ??? in ??? the ??? dataframe\n\n\'\'\'\n ???  ???  ???  ??? df ??? = ??? pandas.read_csv(file_name)\n ???  ???  ???  ??? for ??? i ??? in ??? range(1,207999):\n ???  ???  ???  ???  ???  ???  ???  ??? for ??? c ??? in ??? df:\n ???  ???  ???  ???  ???  ???  ???  ???  ???  ???  ???  ??? exec(\"%s ??? = ??? %s\" ??? % ??? (\'A\' ??? + ??? str(i), ??? c))\n ???  ???  ???  ???  ???  ???  ???  ???  ???  ???  ???  ??? i ??? += ??? 1\n\'\'\'\n\nA1 ??? = ??? row ??? 1 ??? A2 ??? = ??? row ??? 2 ??? . ??? ', '2019-05-17 20:22:10', 0, 0, 0),
(8, 77, 'React ignores value attribute of input field', '\n\nI ??? have ??? a ??? react ??? sign-up ??? form. ??? I ??? want ??? to ??? set ??? up ??? an ??? input ??? (checkbox) ??? that ??? holds ??? the ??? value ??? as ??? some ??? text ??? - ??? e.g:\n\n\'\'\'\n ???  ???  ???  ??? <form ??? onSubmit={this.validateStepTwo} ??? id=\"registerForm\">\n ???  ???  ???  ??? <label ??? htmlFor=\"short_bio\">Tell ??? the ??? users ??? a ??? bit ??? about ??? yourself:</label>\n ???  ???  ???  ??? <input ??? type=\"textarea\" ??? name=\"short_bio\" ??? className=\"textarea-small\"/>\n\n ???  ???  ???  ??? <label ??? htmlFor=\"bio_info\">Tell ??? the ??? users ??? who ??? you ??? are</label>\n ???  ???  ???  ??? <input ??? type=\"textarea\" ??? name=\"bio_info\" ??? className=\"textarea-large\"/>\n\n ???  ???  ???  ??? <label ??? htmlFor=\"bio_exp\">Tell ??? the ??? users ??? what ??? you ??? did</label>\n ???  ???  ???  ??? <input ??? type=\"textarea\" ??? name=\"bio_exp\" ??? className=\"textarea-large\"/>\n\n ???  ???  ???  ??? <input ??? type=\"checkbox\" ??? name=\"instructor\" ??? value=\"I ??? want ??? to ??? be ??? an ??? instructor\" ??? />\n\n ???  ???  ???  ??? <input ??? type=\"submit\" ??? value=\"Register\" ??? className=\"submit\"></input>\n\n ???  ???  ???  ??? {this.state.errors ??? !== ??? null ??? ? ??? (\n ???  ???  ???  ???  ???  ???  ???  ??? <h1 ??? className=\"error\">{this.state.errors}</h1>\n ???  ???  ???  ??? ) ??? : ??? (\'\')}\n</form>\n\'\'\'', '2019-05-18 10:04:04', 0, 0, 0),
(10, 77, 'Najdobar programski jazik za Web Development', 'Nihil ??? im ??? terra ??? cogor ??? et ??? lapis ??? alium ??? me ??? ob ??? quies. ??? Mo ??? sperare ??? peccant ??? hominum ??? ejusdem ??? tacitus ??? motarum ??? ac ??? si. ??? Ipsum ??? latum ??? ii ??? potui ??? certi ??? si ??? putat ??? fidam ??? si. ??? Aggredior ??? posterius ??? ii ??? ac ??? me ??? detrahere ??? ex. ??? Nam ??? tale ??? apti ??? tum ??? nia ??? hinc ??? novo ??? hanc. ??? Sub ??? examinem ??? concedam ??? culpandi ??? rea ??? ope. ??? Solus ??? mo ??? nexum ??? latum ??? ea ??? si. ??? Persuadeam ??? ha ??? respondeam ??? geometriam ??? intelligam ??? ad ??? et ??? cohaereant ??? et ??? affectibus. ??? Dubium ??? tes ??? hic ??? firmae ??? est ??? eos ??? calida. ??? Inter ??? imo ??? majus ??? multo ??? rum ??? harum ??? vitro. ??? \n\n\'\'\'\nNihil ??? im ??? terra ??? cogor ??? et ??? lapis ??? alium ??? me ??? ob ??? quies. ??? Mo ??? sperare ??? peccant ??? hominum ??? ejusdem ??? tacitus ??? motarum ??? ac ??? si. ??? Ipsum ??? latum ??? ii ??? potui ??? certi ??? si ??? putat ??? fidam ??? si. ??? Aggredior ??? posterius ??? ii ??? ac ??? me ??? detrahere ??? ex. ??? Nam ??? tale ??? apti ??? tum ??? nia ??? hinc ??? novo ??? hanc. ??? Sub ??? examinem ??? concedam ??? culpandi ??? rea ??? ope. ??? Solus ??? mo ??? nexum ??? latum ??? ea ??? si. ??? Persuadeam ??? ha ??? respondeam ??? geometriam ??? intelligam ??? ad ??? et ??? cohaereant ??? et ??? affectibus. ??? Dubium ??? tes ??? hic ??? firmae ??? est ??? eos ??? calida. ??? Inter ??? imo ??? majus ??? multo ??? rum ??? harum ??? vitro. ??? \n\'\'\'', '2019-05-23 08:24:44', 0, 0, 0),
(11, 84, 'How to deploy JS script to browser through selenium', 'Ive ??? been ??? trying ??? to ??? deploy ??? my ??? JS ??? script ??? on ??? the ??? about:config ??? page ??? with ??? selenium ??? eeceute ??? script ??? but ??? it ??? crashes ??? every ??? time..\n\n\'\'\'\n ???  ???  ???  ??? <some ??? code ??? here>\n\'\'\'\n\n\'\'\'\nsdadwadwada\n\'\'\'Ive ??? been ??? trying ??? to ??? deploy ??? my ??? JS ??? script ??? on ??? the ??? about:config ??? page ??? with ??? selenium ??? eeceute ??? script ??? but ??? it ??? crashes ??? every ??? time..\n\n\'\'\'\n ???  ???  ???  ??? <some ??? code ??? here>\n\'\'\'\n\n\'\'\'\nsdadwadwada\n\'\'\'', '2019-05-25 08:57:17', 0, 0, 0),
(12, 77, 'Random questoion to decribe the product', 'I ??? want ??? to ??? create ??? a ??? random ??? question.\n\n\'\'\'\n\n ???  ???  ???  ??? This ??? random ??? question ??? also ??? contains ??? random ??? code\n\'\'\'\n\nI ??? want ??? to ??? create ??? a ??? random ??? question.\n\n\'\'\'\n\n ???  ???  ???  ??? This ??? random ??? question ??? also ??? contains ??? random ??? code\n\'\'\'\n\nI ??? want ??? to ??? create ??? a ??? random ??? question.\n\n\'\'\'\n\n ???  ???  ???  ??? This ??? random ??? question ??? also ??? contains ??? random ??? code\n\'\'\'\n\nI ??? want ??? to ??? create ??? a ??? random ??? question.\n\n\'\'\'\n\n ???  ???  ???  ??? This ??? random ??? question ??? also ??? contains ??? random ??? code\n\'\'\'', '2019-05-25 17:08:03', 0, 0, 0),
(13, 77, 'Naslov na prasanjeto', 'Sodrzina ??? na ??? prasanjeto\n\'\'\'\n ???  ???  ???  ??? Kod ??? koj ??? mozime ??? da ??? go ??? napisime\n\'\'\'\nSodrzina ??? na ??? prasanjeto\n\'\'\'\n ???  ???  ???  ??? Kod ??? koj ??? mozime ??? da ??? go ??? napisime\n\'\'\'\nSodrzina ??? na ??? prasanjeto\n\'\'\'\n ???  ???  ???  ??? Kod ??? koj ??? mozime ??? da ??? go ??? napisime\n\'\'\'\nSodrzina ??? na ??? prasanjeto\n\'\'\'\n ???  ???  ???  ??? Kod ??? koj ??? mozime ??? da ??? go ??? napisime\n\'\'\'\n', '2019-05-26 10:01:07', 0, 0, 0),
(14, 86, 'Koj e najdobriot programski jazik?Koj e najdobriot programski jazik?', 'Obicen ??? text\n\n\'\'\'\n ???  ???  ??? document.write(\"javscript\");\n\'\'\'Obicen ??? text\n\n\'\'\'\n ???  ???  ??? document.write(\"javscript\");\n\'\'\'Obicen ??? text\n\n\'\'\'\n ???  ???  ??? document.write(\"javscript\");\n\'\'\'Obicen ??? text\n\n\'\'\'\n ???  ???  ??? document.write(\"javscript\");\n\'\'\'Obicen ??? text\n\n\'\'\'\n ???  ???  ??? document.write(\"javscript\");\n\'\'\'', '2019-09-11 11:41:39', 0, 0, 0);

--
-- Indexes for dumped tables
--

--
-- Indexes for table `answers`
--
ALTER TABLE `answers`
  ADD PRIMARY KEY (`answer_id`),
  ADD KEY `poster_id` (`poster_id`),
  ADD KEY `answers_ibfk_1` (`under_post`);

--
-- Indexes for table `categories`
--
ALTER TABLE `categories`
  ADD PRIMARY KEY (`category_id`);

--
-- Indexes for table `courses`
--
ALTER TABLE `courses`
  ADD PRIMARY KEY (`course_id`),
  ADD KEY `course_creator_id` (`course_creator_id`);

--
-- Indexes for table `course_categories`
--
ALTER TABLE `course_categories`
  ADD PRIMARY KEY (`category_counter`),
  ADD KEY `course_id` (`course_id`);

--
-- Indexes for table `course_content`
--
ALTER TABLE `course_content`
  ADD PRIMARY KEY (`video_id`),
  ADD KEY `under_course_id` (`under_course_id`);

--
-- Indexes for table `users`
--
ALTER TABLE `users`
  ADD PRIMARY KEY (`user_id`);

--
-- Indexes for table `user_owned_courses`
--
ALTER TABLE `user_owned_courses`
  ADD PRIMARY KEY (`colum_count`),
  ADD KEY `course_id` (`course_id`),
  ADD KEY `owner_id` (`owner_id`);

--
-- Indexes for table `user_questions`
--
ALTER TABLE `user_questions`
  ADD PRIMARY KEY (`question_id`),
  ADD KEY `poster_id` (`poster_id`);

--
-- AUTO_INCREMENT for dumped tables
--

--
-- AUTO_INCREMENT for table `answers`
--
ALTER TABLE `answers`
  MODIFY `answer_id` int(11) NOT NULL AUTO_INCREMENT, AUTO_INCREMENT=15;

--
-- AUTO_INCREMENT for table `categories`
--
ALTER TABLE `categories`
  MODIFY `category_id` int(11) NOT NULL AUTO_INCREMENT, AUTO_INCREMENT=22;

--
-- AUTO_INCREMENT for table `courses`
--
ALTER TABLE `courses`
  MODIFY `course_id` int(10) NOT NULL AUTO_INCREMENT, AUTO_INCREMENT=102;

--
-- AUTO_INCREMENT for table `course_categories`
--
ALTER TABLE `course_categories`
  MODIFY `category_counter` int(11) NOT NULL AUTO_INCREMENT, AUTO_INCREMENT=121;

--
-- AUTO_INCREMENT for table `course_content`
--
ALTER TABLE `course_content`
  MODIFY `video_id` int(11) NOT NULL AUTO_INCREMENT, AUTO_INCREMENT=101;

--
-- AUTO_INCREMENT for table `users`
--
ALTER TABLE `users`
  MODIFY `user_id` int(11) NOT NULL AUTO_INCREMENT, AUTO_INCREMENT=90;

--
-- AUTO_INCREMENT for table `user_owned_courses`
--
ALTER TABLE `user_owned_courses`
  MODIFY `colum_count` int(11) NOT NULL AUTO_INCREMENT, AUTO_INCREMENT=105;

--
-- AUTO_INCREMENT for table `user_questions`
--
ALTER TABLE `user_questions`
  MODIFY `question_id` int(11) NOT NULL AUTO_INCREMENT, AUTO_INCREMENT=15;

--
-- Constraints for dumped tables
--

--
-- Constraints for table `answers`
--
ALTER TABLE `answers`
  ADD CONSTRAINT `answers_ibfk_1` FOREIGN KEY (`under_post`) REFERENCES `user_questions` (`question_id`),
  ADD CONSTRAINT `answers_ibfk_2` FOREIGN KEY (`poster_id`) REFERENCES `users` (`user_id`);

--
-- Constraints for table `courses`
--
ALTER TABLE `courses`
  ADD CONSTRAINT `courses_ibfk_1` FOREIGN KEY (`course_creator_id`) REFERENCES `users` (`user_id`);

--
-- Constraints for table `course_categories`
--
ALTER TABLE `course_categories`
  ADD CONSTRAINT `course_categories_ibfk_1` FOREIGN KEY (`course_id`) REFERENCES `courses` (`course_id`);

--
-- Constraints for table `course_content`
--
ALTER TABLE `course_content`
  ADD CONSTRAINT `course_content_ibfk_1` FOREIGN KEY (`under_course_id`) REFERENCES `courses` (`course_id`);

--
-- Constraints for table `user_owned_courses`
--
ALTER TABLE `user_owned_courses`
  ADD CONSTRAINT `user_owned_courses_ibfk_1` FOREIGN KEY (`course_id`) REFERENCES `courses` (`course_id`),
  ADD CONSTRAINT `user_owned_courses_ibfk_2` FOREIGN KEY (`owner_id`) REFERENCES `users` (`user_id`);

--
-- Constraints for table `user_questions`
--
ALTER TABLE `user_questions`
  ADD CONSTRAINT `user_questions_ibfk_1` FOREIGN KEY (`poster_id`) REFERENCES `users` (`user_id`);
COMMIT;

/*!40101 SET CHARACTER_SET_CLIENT=@OLD_CHARACTER_SET_CLIENT */;
/*!40101 SET CHARACTER_SET_RESULTS=@OLD_CHARACTER_SET_RESULTS */;
/*!40101 SET COLLATION_CONNECTION=@OLD_COLLATION_CONNECTION */;
